anio,indice_feminidad
2016,61.7816091954023
2017,59.71087366436204
